{"models": [{"w_in_hid": [[0.37805503394477985, -0.9220114812748251, -0.7958887215220233, -0.5565857811706018, 0.2634306737207903, 0.5696216476819158], [-0.7222366793600166, -1.000984301688205, -1.1216717120864486, -0.5925086358464534, -0.36757164427685635, 0.8436158796113133], [-0.3123742516727608, -0.9640773620038735, 0.4229895762659551, 0.5816135718380463, -0.4996048818647402, -0.6543512410651375], [-0.0709243317126066, -0.6065526037128723, -0.22924435827485778, -0.7239923322436642, 1.1756832399008899, -0.6364097550460293], [-0.7094157310820268, -0.5350276679198288, -0.7018157165399248, 1.121429438581536, 1.189800460692785, -0.32402710507274013], [0.2855181190790399, -0.2358783506612361, 0.03841603708793189, -0.2880125057182638, -2.31467976610827, 0.5288163018791979], [0.7620920195348055, 0.6411158985910211, -0.05293794801559999, 0.1492287832258171, -1.7391136076540343, 0.05206091760584685], [0.24945698448036174, -1.0893020440829408, 0.22590257883095483, -0.6992055952063616, 0.9027433153905033, 0.8110645381211654], [-0.5828728228280796, 0.37535932044686565, 0.39713878391221924, -0.6713988146573875, -2.1515863029388687, -0.06726479927604144], [-0.7863731340771505, -0.2426874145250726, 0.7437222810308034, 0.9111839074063316, 3.10037180238122, -0.2067190698500625], [0.05806635862104867, 0.6391818690490305, -1.084069442199837, -0.39642366629326525, -1.5026821929919474, 0.3793645981509277], [0.8132991057407645, 0.25866876243583203, 0.07571563661040695, 0.8279216587586132, 0.2586912159597691, -0.6546503690647316]], "b_hid": [0.3561364885029918, 0.04552644069520891, -0.5730483906026375, 0.5799087210275004, -0.47320090720526514, -0.5177732466377368, -0.9387966448233789, -0.8517161954589867, -0.6602924098930686, -0.5005201580742972, -0.15952360375481486, 0.2507378530130159], "w_hid_out": [0.2005580234201763, 0.2844488419154315, -0.4244025729035997, 1.024165000627963, 1.3385527376361577, -1.8508281352059814, -1.291558587490771, 1.202556294463676, -1.8627199942576804, 2.5450085778459175, -1.202890776092882, 0.7125804529888141], "b_out": -0.24264962105003332}, {"w_in_hid": [[0.2959863684104099, 0.04594491163297285, 0.04619293991010099, 0.4070719138204146, 0.12193362859695642, 0.905429315322415], [0.12631520135475982, -1.3087820708466478, 0.49547789801314823, 0.16080651179409639, 2.056005391345626, 0.05523249130154849], [0.712650314137405, 0.6192394041021018, -0.009399587142192025, -0.02075385915075561, 0.20152719278446193, -1.0153785101431672], [-0.6816170681494876, 0.5894368988156283, -0.4487645111683357, -0.1025397566204517, -0.2367461136008995, -0.9723687522446405], [0.46099839688639577, -0.8379776369976145, -0.8925633097371348, -0.7379197984646098, 0.40626148299483616, 0.19591794413404504], [0.4312059608924659, -0.09238133682425498, -0.31693420662272387, -1.0727512064870317, -2.5592391052774643, 0.7026277103989454], [-0.49883078074842274, -0.39442562834500267, 0.3210546013823287, 0.5263194907521481, 1.1193546142063, -0.9188616688246981], [0.09697365769137975, 0.6513725163002941, -0.7370136551460567, -0.7997737220278266, 0.465919276173127, -1.038845450905291], [-0.5337274415643964, 0.5665158470741466, -0.6401454952155976, -0.9708157722737791, -2.573871710500509, 0.6626465932595482], [-1.0648530169941632, -0.4187450376342261, 0.3238124441974055, -0.6471185134428096, 0.5774203007897316, -0.42073306541912675], [0.3211919726756369, -0.12832455259168002, 0.9942510720501185, -0.34936158388404487, -2.1881081404741485, -0.6209060630789632], [-1.1083741061365346, -0.6386254165670456, -0.014473936914222794, -0.17949098044282538, 2.146050747632934, 0.3854017244384111]], "b_hid": [-0.3418426881204641, -0.15189923198210556, -0.3758596880167771, 0.3946427762701603, -0.021637172980170434, 0.2985489667331552, -0.048421609466120674, -0.8541004504011845, -0.4258836313295002, -0.41943687821549613, -1.001916552377417, 0.3425463254513413], "w_hid_out": [-0.2575061459669831, 1.7993408155695627, 0.08637355188473832, -0.3243613150414182, 0.011460353285859166, -2.1290022322784226, 0.7348765128134382, 0.36091012965011426, -2.3628954208388757, 0.630382936383729, -2.0303080746647315, 1.8955434907337612], "b_out": 0.8205120777115494}, {"w_in_hid": [[-0.3191639917638055, 0.4297034373653845, -0.6455906036373005, -0.4943970611606964, -2.803892896481409, 0.055286839299628125], [0.6081120331904285, 0.20576842748901852, -0.5831249164607722, 0.4515000357476384, 0.45624727831100315, -0.049802203307037995], [0.32711775844873764, -0.4360696692886951, -0.13800960777695437, 0.44493327530659393, -0.7303127090872806, 0.11272957844863264], [-0.6963502578657118, -0.5634486867395943, -0.42925524001801624, -0.38194349996719346, 2.3985601394252507, -0.5115291299057647], [0.38372837349955463, -0.7872425217370264, 0.3954819312371293, -0.7586579591401033, 0.4450605487781103, 0.3179684214360388], [0.5790914682707198, 0.12200797224597727, -0.23425213664829891, -0.8437430348149425, -1.713927240068826, 0.35092482091139116], [-0.6647574723676382, 0.509778842569902, 0.5450769271651529, -1.1842930068807462, -1.5058768047074476, 0.5278985482225396], [-1.3884020674002482, -0.33635754361857967, 0.46376608365736194, 0.7104348394965204, 1.6573147925481895, -0.09284106985832867], [0.17957133138500397, 0.26244003721194387, 0.13677573014409145, -0.2895734278841587, -2.252597952957742, -0.13057040479741466], [0.33719131213038117, -0.9854352284547078, 0.7194775047070902, 0.3021365140828179, 0.25285522985397424, -0.19692877546562212], [0.28674696646308295, -0.6919251544521696, -0.8650690813505841, 0.7092294361987703, -1.1215297706625227, -0.828623142888832], [-0.9906251173658693, -0.7118452291849855, 0.17017366967501726, 0.3450339975766909, -0.7414503640495547, 0.37640260929822333]], "b_hid": [0.10262550662389316, 0.26247226863452044, -1.131164631407247, 0.7174520708114052, 0.6130024870144474, 0.008262037069590108, -0.6500637923916645, -0.103250216422879, -0.7424807500518803, -0.21784901554836938, -0.8965674003193228, -0.5245903151351112], "w_hid_out": [-2.244620224996741, 0.4945859318952331, -0.17541973001565458, 2.152454952395308, 0.3375941912978764, -1.472913209696024, -1.423590409960971, 1.5956734593808222, -1.813772259528035, 0.5286346030789167, -0.6431508310800061, -0.04770103637306784], "b_out": 0.7727426001485348}, {"w_in_hid": [[-1.0279141622450982, 0.5145627096211648, -0.7235133291165488, -0.6031295619170284, 2.2606212765568348, 0.7206172233146974], [-0.42621418625666396, 1.360211296602347, 0.29576806159006763, -0.8346461043049729, -1.5028334045837224, 0.29307760073819683], [-0.39242682967155884, 0.4474300822965272, 0.1685239055253095, 0.4058859680051801, 1.0229320466199154, -0.9954451357578198], [-0.20596454563589814, 0.515795036402017, 0.5563662001168236, -0.6963171932472025, -1.6245489852032975, -0.39255699466660654], [0.5940832556729039, -0.46033173922223464, 0.6473821269799518, 0.8648400602943995, 1.8540979194697678, -1.0744698005557565], [-0.1548344003069636, -0.4540257794444017, 0.6848979706157866, 1.027704801484701, 1.1290129853833157, -1.2405695031122141], [-0.6022651271192214, -1.1256230442499229, -0.07126501018551347, 0.1359501648921919, 1.3389157213549931, 0.48676362451814076], [-0.7471314354019795, -0.7267402704463306, -0.8690105666351315, -0.7910214326700079, 0.8217471496459405, -0.2949987297233114], [-0.3468041950671172, -0.2939180383597019, 0.1640355132209095, 0.5076407196273112, -2.267771526377252, -0.06476188783306934], [-0.8923953617150188, -0.7491741156667546, -0.15948243218473057, -0.48094472499667124, -0.20130343132950967, -0.22965255578960775], [0.7938367815469275, 0.3164207787054066, -1.0473065876649115, -0.9362462739620837, -2.2267124413152093, -0.12200892278287692], [0.5167115299654951, -0.431099145311266, -0.7174089334952721, 0.45693497758216073, -0.7565860376658139, -0.09087797426525304]],